"","SampleCode","rs11125573","rs201276730","GSA-rs10815368","GSA-rs10780221","GSA-rs4758411","rs1436708","rs8031916","rs7236481"
"1","2","AA","CC","AA","GA","TC","GA","TC","TT"
"2","25","GA","AA","AA","GA","TC","GA","CC","GT"
"3","50","GA","CA","AA","GG","CC","GA","TC","GT"
"4","1043","AA","CA","CA","AA","CC","GG","CC","GT"
"5","1196","GA","CA","AA","AA","TC","AA","TC","TT"
"6","24","GA","AA","CA","AA","CC","GG","TC","GT"
"7","3","GA","AA","CA","GA","TC","GA","CC","GT"
"8","27","GA","CA","CA","AA","TC","AA","TC","TT"
"9","56","GA","AA","AA","AA","CC","GA","CC","TT"
"10","1008","AA","CA","AA","AA","TT","AA","TC","TT"
"11","1198","AA","CA","CA","GA","CC","GA","TC","GT"
"12","7","GA","CC","CA","GA","CC","GA","TC","GT"
"13","31","GA","AA","CC","GG","CC","GA","CC","GT"
"14","70","GA","CA","CA","AA","TT","AA","CC","GT"
"15","1054","AA","AA","CA","GA","TC","AA","CC","TT"
"16","1232","AA","AA","AA","AA","CC","AA","CC","TT"
"17","28","AA","CA","CA","AA","TC","AA","TC","TT"
"18","10","AA","CA","CA","AA","TT","GA","TC","TT"
"19","36","AA","AA","CA","GA","TC","GA","CC","TT"
"20","74","AA","CC","AA","GA","CC","GA","CC","TT"
"21","1057","AA","CA","CA","GA","TC","GA","TC","TT"
"22","29","GA","AA","AA","AA","TC","GA","TC","TT"
"23","14","GG","AA","AA","AA","TC","GG","CC","TT"
"24","38","GA","AA","CA","GA","TC","GA","TC","TT"
"25","76","AA","CA","AA","AA","TT","AA","TC","GT"
"26","1125","AA","AA","CA","GA","TC","GA","TC","TT"
"27","1267","GA","CA","CA","GG","TC","AA","TC","TT"
"28","30","GA","AA","CA","GG","CC","AA","TC","TT"
"29","15","AA","CA","AA","GA","TT","AA","TT","TT"
"30","40","AA","CC","AA","AA","TC","GA","TC","TT"
"31","82","GA","CA","AA","GA","TC","GG","CC","TT"
"32","1145","GA","CA","CA","GG","CC","GA","CC","TT"
"33","1270","AA","CC","AA","AA","TT","GA","TC","TT"
"34","19","GA","AA","CC","GA","TT","GA","CC","TT"
"35","41","GA","AA","AA","GA","TC","AA","CC","TT"
"36","1016","GA","AA","AA","GA","TC","AA","CC","TT"
"37","1150","GG","AA","AA","AA","CC","GG","CC","GT"
"38","20","GA","AA","CA","GG","TC","AA","TC","TT"
"39","34","AA","AA","CA","GA","TC","GG","CC","TT"
"40","23","AA","CA","CA","GA","TC","GA","TC","TT"
"41","42","GA","AA","CA","GG","CC","GG","CC","TT"
"42","1041","GG","AA","CA","GG","TC","GG","CC","GT"
"43","1179","GA","CA","AA","AA","TC","GA","TC","GG"
"44","22","GA","AA","AA","GA","CC","GA","TT","TT"
"45","43","GA","AA","00","GA","CC","GA","CC","GT"
"46","44","AA","AA","AA","GA","CC","GG","CC","TT"
"47","1011","GA","AA","AA","GA","TC","GA","TC","GT"
"48","5","GA","AA","CC","GG","CC","GA","CC","GT"
"49","52","GA","CA","CA","GA","TC","GA","CC","TT"
"50","68","GA","AA","AA","GA","TC","AA","TT","GT"
"51","17","GA","CA","AA","GA","TC","AA","TC","TT"
"52","47","GA","AA","AA","GG","TC","GG","CC","GT"
"53","1038","AA","AA","AA","AA","TC","GA","CC","TT"
"54","6","GA","CA","AA","GA","TC","GG","CC","GT"
"55","53","GA","CA","CA","GG","CC","AA","CC","GG"
"56","71","GA","AA","AA","GG","TC","GA","CC","TT"
"57","63","AA","CA","CA","GA","TC","GG","TC","TT"
"58","48","AA","CA","CA","AA","TT","GA","TC","TT"
"59","1064","GA","CA","CA","AA","TT","GA","TT","TT"
"60","9","GA","AA","CA","GA","TC","GA","CC","GT"
"61","57","GA","CA","CA","GA","TT","GA","CC","TT"
"62","75","AA","CC","CA","GA","TC","GA","TC","TT"
"63","1139","AA","AA","CC","GA","CC","GA","CC","GT"
"64","55","AA","CA","AA","GA","TC","AA","TC","TT"
"65","1099","GA","AA","AA","AA","TC","GA","TC","TT"
"66","12","GA","CA","CA","GA","TC","AA","CC","TT"
"67","59","GG","AA","CA","GA","CC","GA","CC","GT"
"68","77","GA","CA","CA","GG","TT","GA","TC","TT"
"69","60","GA","CC","AA","GA","TC","GG","TC","TT"
"70","1107","GA","00","AA","GA","TT","GG","TC","TT"
"71","13","GG","AA","CA","GG","CC","GG","CC","GT"
"72","61","GA","CA","AA","GA","CC","AA","TC","TT"
"73","81","AA","CC","CA","GG","TC","GA","TC","TT"
"74","62","AA","CA","AA","GA","TT","AA","TC","TT"
"75","1168","AA","CA","CA","GG","TC","AA","TT","GT"
"76","21","GG","AA","AA","GG","CC","GG","CC","GT"
"77","65","AA","AA","AA","AA","TC","GA","TC","GT"
"78","85","GA","AA","AA","GG","TT","GA","CC","TT"
"79","84","AA","CA","CC","GA","CC","GG","TT","TT"
"80","1182","GG","AA","CA","GG","TC","GA","CC","TT"
"81","35","GG","CA","AA","GA","TC","AA","TC","GT"
"82","66","GA","AA","CA","GA","TC","GA","CC","TT"
"83","1035","AA","CA","CA","GA","TC","GA","TT","TT"
"84","ControlCT","AA","CA","AA","AA","TT","GA","TT","GG"
"85","1010","AA","CA","AA","AA","TT","GA","TT","TT"
"86","1186","GA","AA","CC","GA","CC","GA","CC","TT"
"87","46","GA","CA","CA","AA","CC","GA","TC","TT"
"88","67","AA","00","AA","GA","TC","AA","TC","TT"
"89","1093","GA","AA","AA","AA","CC","GG","TT","TT"
"90","ControlDP","AA","AA","CA","GG","TC","GA","CC","GT"
